[
  {
    "id": "FB001",
    "store": "Mumbai",
    "channel": "Microsoft Form",
    "product": "T-Shirt",
    "rating": 2,
    "comment": "delivery was late and packaging was damaged. Very disappointed with the service.",
    "customerName": "Rajesh Kumar",
    "customerEmail": "rajesh.kumar@email.com",
    "createdAt": "2025-01-15"
  },
  {
    "id": "FB002",
    "store": "Delhi",
    "channel": "QR Code",
    "product": "Jeans",
    "rating": 1,
    "comment": "very poor quality fabric. The material feels cheap and tore after first wash.",
    "createdAt": "2025-01-16"
  },
  {
    "id": "FB003",
    "store": "Bangalore",
    "channel": "Microsoft Form",
    "product": "Jacket",
    "rating": 5,
    "comment": "Excellent quality! Love the design and the staff was very helpful.",
    "createdAt": "2025-01-17"
  },
  {
    "id": "FB004",
    "store": "Mumbai",
    "channel": "QR Code",
    "product": "Shoes",
    "rating": 3,
    "comment": "Average product. Price is reasonable but could be better quality.",
    "createdAt": "2025-01-18"
  },
  {
    "id": "FB005",
    "store": "Delhi",
    "channel": "Microsoft Form",
    "product": "T-Shirt",
    "rating": 4,
    "comment": "Good quality t-shirt, comfortable fit. Delivery was fast.",
    "createdAt": "2025-01-19"
  },
  {
    "id": "FB006",
    "store": "Chennai",
    "channel": "QR Code",
    "product": "Jeans",
    "rating": 2,
    "comment": "Staff was rude and unhelpful. Product size was wrong.",
    "createdAt": "2025-01-20"
  },
  {
    "id": "FB007",
    "store": "Kolkata",
    "channel": "Microsoft Form",
    "product": "Jacket",
    "rating": 5,
    "comment": "Amazing product! Great value for money. Highly recommend.",
    "createdAt": "2025-01-21"
  },
  {
    "id": "FB008",
    "store": "Mumbai",
    "channel": "QR Code",
    "product": "Shoes",
    "rating": 1,
    "comment": "Very poor quality. Shoes broke within a week. Waste of money.",
    "createdAt": "2025-01-22"
  },
  {
    "id": "FB009",
    "store": "Pune",
    "channel": "Microsoft Form",
    "product": "T-Shirt",
    "rating": 4,
    "comment": "Nice design and good fabric quality. Happy with purchase.",
    "createdAt": "2025-01-23"
  },
  {
    "id": "FB010",
    "store": "Delhi",
    "channel": "QR Code",
    "product": "Jeans",
    "rating": 3,
    "comment": "Product is okay but delivery took too long. Packaging could be better.",
    "createdAt": "2025-01-24"
  },
  {
    "id": "FB011",
    "store": "Hyderabad",
    "channel": "Microsoft Form",
    "product": "Jacket",
    "rating": 5,
    "comment": "Perfect fit and excellent quality. Staff service was outstanding!",
    "createdAt": "2025-01-25"
  },
  {
    "id": "FB012",
    "store": "Mumbai",
    "channel": "QR Code",
    "product": "Shoes",
    "rating": 2,
    "comment": "Product quality is not good. Price is too high for what you get.",
    "createdAt": "2025-01-26"
  },
  {
    "id": "FB013",
    "store": "Bangalore",
    "channel": "Microsoft Form",
    "product": "T-Shirt",
    "rating": 4,
    "comment": "Great product! Fast delivery and good customer service.",
    "createdAt": "2025-01-27"
  },
  {
    "id": "FB014",
    "store": "Chennai",
    "channel": "QR Code",
    "product": "Jeans",
    "rating": 1,
    "comment": "Terrible experience. Wrong size delivered and staff refused to help.",
    "createdAt": "2025-01-28"
  },
  {
    "id": "FB015",
    "store": "Kolkata",
    "channel": "Microsoft Form",
    "product": "Jacket",
    "rating": 5,
    "comment": "Love it! Best purchase I made. Quality is excellent.",
    "createdAt": "2025-01-29"
  }
]
