store,channel,product,rating,comment,customerName,customerEmail,createdAt
Mumbai,Microsoft Form,T-Shirt,2,"delivery was late and packaging was damaged",Rajesh Kumar,rajesh.kumar@email.com,2025-01-15
Delhi,QR Code,Jeans,1,"very poor quality fabric",Priya Sharma,priya.sharma@email.com,2025-01-16
Bangalore,Microsoft Form,Jacket,5,"Excellent quality! Love the design",Amit Patel,amit.patel@email.com,2025-01-17
Mumbai,QR Code,Shoes,3,"Average product. Price is reasonable",Sneha Desai,sneha.desai@email.com,2025-01-18
Delhi,Microsoft Form,T-Shirt,4,"Good quality t-shirt, comfortable fit",Vikram Singh,vikram.singh@email.com,2025-01-19
Chennai,QR Code,Jeans,2,"Staff was rude and unhelpful",Anjali Reddy,anjali.reddy@email.com,2025-01-20
Kolkata,Microsoft Form,Jacket,5,"Amazing product! Great value for money",Rohit Gupta,rohit.gupta@email.com,2025-01-21
Mumbai,QR Code,Shoes,1,"Very poor quality. Shoes broke within a week",Kavita Joshi,kavita.joshi@email.com,2025-01-22
Pune,Microsoft Form,T-Shirt,4,"Nice design and good fabric quality",Arjun Mehta,arjun.mehta@email.com,2025-01-23
Delhi,QR Code,Jeans,3,"Product is okay but delivery took too long",Meera Nair,meera.nair@email.com,2025-01-24

