store,channel,product,rating,comment,createdAt
Mumbai,Microsoft Form,T-Shirt,2,"delivery was late and packaging was damaged",2025-01-15
Delhi,QR Code,Jeans,1,"very poor quality fabric",2025-01-16
Bangalore,Microsoft Form,Jacket,5,"Excellent quality! Love the design",2025-01-17
Mumbai,QR Code,Shoes,3,"Average product. Price is reasonable",2025-01-18
Delhi,Microsoft Form,T-Shirt,4,"Good quality t-shirt, comfortable fit",2025-01-19
Chennai,QR Code,Jeans,2,"Staff was rude and unhelpful",2025-01-20
Kolkata,Microsoft Form,Jacket,5,"Amazing product! Great value for money",2025-01-21
Mumbai,QR Code,Shoes,1,"Very poor quality. Shoes broke within a week",2025-01-22
Pune,Microsoft Form,T-Shirt,4,"Nice design and good fabric quality",2025-01-23
Delhi,QR Code,Jeans,3,"Product is okay but delivery took too long",2025-01-24

